日期,年,月,日,星期,是否节假日,是否工作日,是否调休工作日,节假日名称
2024-01-01,2024,1,1,星期一,True,False,False,元旦
2024-01-02,2024,1,2,星期二,False,True,False,
2024-01-03,2024,1,3,星期三,False,True,False,
2024-01-04,2024,1,4,星期四,False,True,False,
2024-01-05,2024,1,5,星期五,False,True,False,
2024-01-06,2024,1,6,星期六,False,False,False,
2024-01-07,2024,1,7,星期日,False,False,False,
2024-01-08,2024,1,8,星期一,False,True,False,
2024-01-09,2024,1,9,星期二,False,True,False,
2024-01-10,2024,1,10,星期三,False,True,False,
2024-01-11,2024,1,11,星期四,False,True,False,
2024-01-12,2024,1,12,星期五,False,True,False,
2024-01-13,2024,1,13,星期六,False,False,False,
2024-01-14,2024,1,14,星期日,False,False,False,
2024-01-15,2024,1,15,星期一,False,True,False,
2024-01-16,2024,1,16,星期二,False,True,False,
2024-01-17,2024,1,17,星期三,False,True,False,
2024-01-18,2024,1,18,星期四,False,True,False,
2024-01-19,2024,1,19,星期五,False,True,False,
2024-01-20,2024,1,20,星期六,False,False,False,
2024-01-21,2024,1,21,星期日,False,False,False,
2024-01-22,2024,1,22,星期一,False,True,False,
2024-01-23,2024,1,23,星期二,False,True,False,
2024-01-24,2024,1,24,星期三,False,True,False,
2024-01-25,2024,1,25,星期四,False,True,False,
2024-01-26,2024,1,26,星期五,False,True,False,
2024-01-27,2024,1,27,星期六,False,False,False,
2024-01-28,2024,1,28,星期日,False,False,False,
2024-01-29,2024,1,29,星期一,False,True,False,
2024-01-30,2024,1,30,星期二,False,True,False,
2024-01-31,2024,1,31,星期三,False,True,False,
2024-02-01,2024,2,1,星期四,False,True,False,
2024-02-02,2024,2,2,星期五,False,True,False,
2024-02-03,2024,2,3,星期六,False,False,False,
2024-02-04,2024,2,4,星期日,False,True,True,
2024-02-05,2024,2,5,星期一,False,True,False,
2024-02-06,2024,2,6,星期二,False,True,False,
2024-02-07,2024,2,7,星期三,False,True,False,
2024-02-08,2024,2,8,星期四,False,True,False,
2024-02-09,2024,2,9,星期五,False,True,False,
2024-02-10,2024,2,10,星期六,True,False,False,春节
2024-02-11,2024,2,11,星期日,True,False,False,春节
2024-02-12,2024,2,12,星期一,True,False,False,春节
2024-02-13,2024,2,13,星期二,True,False,False,春节
2024-02-14,2024,2,14,星期三,True,False,False,春节
2024-02-15,2024,2,15,星期四,True,False,False,春节
2024-02-16,2024,2,16,星期五,True,False,False,春节
2024-02-17,2024,2,17,星期六,True,False,False,春节
2024-02-18,2024,2,18,星期日,False,True,True,
2024-02-19,2024,2,19,星期一,False,True,False,
2024-02-20,2024,2,20,星期二,False,True,False,
2024-02-21,2024,2,21,星期三,False,True,False,
2024-02-22,2024,2,22,星期四,False,True,False,
2024-02-23,2024,2,23,星期五,False,True,False,
2024-02-24,2024,2,24,星期六,False,False,False,
2024-02-25,2024,2,25,星期日,False,False,False,
2024-02-26,2024,2,26,星期一,False,True,False,
2024-02-27,2024,2,27,星期二,False,True,False,
2024-02-28,2024,2,28,星期三,False,True,False,
2024-02-29,2024,2,29,星期四,False,True,False,
2024-03-01,2024,3,1,星期五,False,True,False,
2024-03-02,2024,3,2,星期六,False,False,False,
2024-03-03,2024,3,3,星期日,False,False,False,
2024-03-04,2024,3,4,星期一,False,True,False,
2024-03-05,2024,3,5,星期二,False,True,False,
2024-03-06,2024,3,6,星期三,False,True,False,
2024-03-07,2024,3,7,星期四,False,True,False,
2024-03-08,2024,3,8,星期五,False,True,False,
2024-03-09,2024,3,9,星期六,False,False,False,
2024-03-10,2024,3,10,星期日,False,False,False,
2024-03-11,2024,3,11,星期一,False,True,False,
2024-03-12,2024,3,12,星期二,False,True,False,
2024-03-13,2024,3,13,星期三,False,True,False,
2024-03-14,2024,3,14,星期四,False,True,False,
2024-03-15,2024,3,15,星期五,False,True,False,
2024-03-16,2024,3,16,星期六,False,False,False,
2024-03-17,2024,3,17,星期日,False,False,False,
2024-03-18,2024,3,18,星期一,False,True,False,
2024-03-19,2024,3,19,星期二,False,True,False,
2024-03-20,2024,3,20,星期三,False,True,False,
2024-03-21,2024,3,21,星期四,False,True,False,
2024-03-22,2024,3,22,星期五,False,True,False,
2024-03-23,2024,3,23,星期六,False,False,False,
2024-03-24,2024,3,24,星期日,False,False,False,
2024-03-25,2024,3,25,星期一,False,True,False,
2024-03-26,2024,3,26,星期二,False,True,False,
2024-03-27,2024,3,27,星期三,False,True,False,
2024-03-28,2024,3,28,星期四,False,True,False,
2024-03-29,2024,3,29,星期五,False,True,False,
2024-03-30,2024,3,30,星期六,False,False,False,
2024-03-31,2024,3,31,星期日,False,False,False,
2024-04-01,2024,4,1,星期一,False,True,False,
2024-04-02,2024,4,2,星期二,False,True,False,
2024-04-03,2024,4,3,星期三,False,True,False,
2024-04-04,2024,4,4,星期四,True,False,False,清明节
2024-04-05,2024,4,5,星期五,True,False,False,清明节
2024-04-06,2024,4,6,星期六,True,False,False,清明节
2024-04-07,2024,4,7,星期日,False,True,True,
2024-04-08,2024,4,8,星期一,False,True,False,
2024-04-09,2024,4,9,星期二,False,True,False,
2024-04-10,2024,4,10,星期三,False,True,False,
2024-04-11,2024,4,11,星期四,False,True,False,
2024-04-12,2024,4,12,星期五,False,True,False,
2024-04-13,2024,4,13,星期六,False,False,False,
2024-04-14,2024,4,14,星期日,False,False,False,
2024-04-15,2024,4,15,星期一,False,True,False,
2024-04-16,2024,4,16,星期二,False,True,False,
2024-04-17,2024,4,17,星期三,False,True,False,
2024-04-18,2024,4,18,星期四,False,True,False,
2024-04-19,2024,4,19,星期五,False,True,False,
2024-04-20,2024,4,20,星期六,False,False,False,
2024-04-21,2024,4,21,星期日,False,False,False,
2024-04-22,2024,4,22,星期一,False,True,False,
2024-04-23,2024,4,23,星期二,False,True,False,
2024-04-24,2024,4,24,星期三,False,True,False,
2024-04-25,2024,4,25,星期四,False,True,False,
2024-04-26,2024,4,26,星期五,False,True,False,
2024-04-27,2024,4,27,星期六,False,False,False,
2024-04-28,2024,4,28,星期日,False,True,True,
2024-04-29,2024,4,29,星期一,False,True,False,
2024-04-30,2024,4,30,星期二,False,True,False,
2024-05-01,2024,5,1,星期三,True,False,False,劳动节
2024-05-02,2024,5,2,星期四,True,False,False,劳动节
2024-05-03,2024,5,3,星期五,True,False,False,劳动节
2024-05-04,2024,5,4,星期六,True,False,False,劳动节
2024-05-05,2024,5,5,星期日,True,False,False,劳动节
2024-05-06,2024,5,6,星期一,False,True,False,
2024-05-07,2024,5,7,星期二,False,True,False,
2024-05-08,2024,5,8,星期三,False,True,False,
2024-05-09,2024,5,9,星期四,False,True,False,
2024-05-10,2024,5,10,星期五,False,True,False,
2024-05-11,2024,5,11,星期六,False,True,True,
2024-05-12,2024,5,12,星期日,False,False,False,
2024-05-13,2024,5,13,星期一,False,True,False,
2024-05-14,2024,5,14,星期二,False,True,False,
2024-05-15,2024,5,15,星期三,False,True,False,
2024-05-16,2024,5,16,星期四,False,True,False,
2024-05-17,2024,5,17,星期五,False,True,False,
2024-05-18,2024,5,18,星期六,False,False,False,
2024-05-19,2024,5,19,星期日,False,False,False,
2024-05-20,2024,5,20,星期一,False,True,False,
2024-05-21,2024,5,21,星期二,False,True,False,
2024-05-22,2024,5,22,星期三,False,True,False,
2024-05-23,2024,5,23,星期四,False,True,False,
2024-05-24,2024,5,24,星期五,False,True,False,
2024-05-25,2024,5,25,星期六,False,False,False,
2024-05-26,2024,5,26,星期日,False,False,False,
2024-05-27,2024,5,27,星期一,False,True,False,
2024-05-28,2024,5,28,星期二,False,True,False,
2024-05-29,2024,5,29,星期三,False,True,False,
2024-05-30,2024,5,30,星期四,False,True,False,
2024-05-31,2024,5,31,星期五,False,True,False,
2024-06-01,2024,6,1,星期六,False,False,False,
2024-06-02,2024,6,2,星期日,False,False,False,
2024-06-03,2024,6,3,星期一,False,True,False,
2024-06-04,2024,6,4,星期二,False,True,False,
2024-06-05,2024,6,5,星期三,False,True,False,
2024-06-06,2024,6,6,星期四,False,True,False,
2024-06-07,2024,6,7,星期五,False,True,False,
2024-06-08,2024,6,8,星期六,False,False,False,
2024-06-09,2024,6,9,星期日,False,False,False,
2024-06-10,2024,6,10,星期一,True,False,False,端午节
2024-06-11,2024,6,11,星期二,False,True,False,
2024-06-12,2024,6,12,星期三,False,True,False,
2024-06-13,2024,6,13,星期四,False,True,False,
2024-06-14,2024,6,14,星期五,False,True,False,
2024-06-15,2024,6,15,星期六,False,False,False,
2024-06-16,2024,6,16,星期日,False,False,False,
2024-06-17,2024,6,17,星期一,False,True,False,
2024-06-18,2024,6,18,星期二,False,True,False,
2024-06-19,2024,6,19,星期三,False,True,False,
2024-06-20,2024,6,20,星期四,False,True,False,
2024-06-21,2024,6,21,星期五,False,True,False,
2024-06-22,2024,6,22,星期六,False,False,False,
2024-06-23,2024,6,23,星期日,False,False,False,
2024-06-24,2024,6,24,星期一,False,True,False,
2024-06-25,2024,6,25,星期二,False,True,False,
2024-06-26,2024,6,26,星期三,False,True,False,
2024-06-27,2024,6,27,星期四,False,True,False,
2024-06-28,2024,6,28,星期五,False,True,False,
2024-06-29,2024,6,29,星期六,False,False,False,
2024-06-30,2024,6,30,星期日,False,False,False,
2024-07-01,2024,7,1,星期一,False,True,False,
2024-07-02,2024,7,2,星期二,False,True,False,
2024-07-03,2024,7,3,星期三,False,True,False,
2024-07-04,2024,7,4,星期四,False,True,False,
2024-07-05,2024,7,5,星期五,False,True,False,
2024-07-06,2024,7,6,星期六,False,False,False,
2024-07-07,2024,7,7,星期日,False,False,False,
2024-07-08,2024,7,8,星期一,False,True,False,
2024-07-09,2024,7,9,星期二,False,True,False,
2024-07-10,2024,7,10,星期三,False,True,False,
2024-07-11,2024,7,11,星期四,False,True,False,
2024-07-12,2024,7,12,星期五,False,True,False,
2024-07-13,2024,7,13,星期六,False,False,False,
2024-07-14,2024,7,14,星期日,False,False,False,
2024-07-15,2024,7,15,星期一,False,True,False,
2024-07-16,2024,7,16,星期二,False,True,False,
2024-07-17,2024,7,17,星期三,False,True,False,
2024-07-18,2024,7,18,星期四,False,True,False,
2024-07-19,2024,7,19,星期五,False,True,False,
2024-07-20,2024,7,20,星期六,False,False,False,
2024-07-21,2024,7,21,星期日,False,False,False,
2024-07-22,2024,7,22,星期一,False,True,False,
2024-07-23,2024,7,23,星期二,False,True,False,
2024-07-24,2024,7,24,星期三,False,True,False,
2024-07-25,2024,7,25,星期四,False,True,False,
2024-07-26,2024,7,26,星期五,False,True,False,
2024-07-27,2024,7,27,星期六,False,False,False,
2024-07-28,2024,7,28,星期日,False,False,False,
2024-07-29,2024,7,29,星期一,False,True,False,
2024-07-30,2024,7,30,星期二,False,True,False,
2024-07-31,2024,7,31,星期三,False,True,False,
2024-08-01,2024,8,1,星期四,False,True,False,
2024-08-02,2024,8,2,星期五,False,True,False,
2024-08-03,2024,8,3,星期六,False,False,False,
2024-08-04,2024,8,4,星期日,False,False,False,
2024-08-05,2024,8,5,星期一,False,True,False,
2024-08-06,2024,8,6,星期二,False,True,False,
2024-08-07,2024,8,7,星期三,False,True,False,
2024-08-08,2024,8,8,星期四,False,True,False,
2024-08-09,2024,8,9,星期五,False,True,False,
2024-08-10,2024,8,10,星期六,False,False,False,
2024-08-11,2024,8,11,星期日,False,False,False,
2024-08-12,2024,8,12,星期一,False,True,False,
2024-08-13,2024,8,13,星期二,False,True,False,
2024-08-14,2024,8,14,星期三,False,True,False,
2024-08-15,2024,8,15,星期四,False,True,False,
2024-08-16,2024,8,16,星期五,False,True,False,
2024-08-17,2024,8,17,星期六,False,False,False,
2024-08-18,2024,8,18,星期日,False,False,False,
2024-08-19,2024,8,19,星期一,False,True,False,
2024-08-20,2024,8,20,星期二,False,True,False,
2024-08-21,2024,8,21,星期三,False,True,False,
2024-08-22,2024,8,22,星期四,False,True,False,
2024-08-23,2024,8,23,星期五,False,True,False,
2024-08-24,2024,8,24,星期六,False,False,False,
2024-08-25,2024,8,25,星期日,False,False,False,
2024-08-26,2024,8,26,星期一,False,True,False,
2024-08-27,2024,8,27,星期二,False,True,False,
2024-08-28,2024,8,28,星期三,False,True,False,
2024-08-29,2024,8,29,星期四,False,True,False,
2024-08-30,2024,8,30,星期五,False,True,False,
2024-08-31,2024,8,31,星期六,False,False,False,
2024-09-01,2024,9,1,星期日,False,False,False,
2024-09-02,2024,9,2,星期一,False,True,False,
2024-09-03,2024,9,3,星期二,False,True,False,
2024-09-04,2024,9,4,星期三,False,True,False,
2024-09-05,2024,9,5,星期四,False,True,False,
2024-09-06,2024,9,6,星期五,False,True,False,
2024-09-07,2024,9,7,星期六,False,False,False,
2024-09-08,2024,9,8,星期日,False,False,False,
2024-09-09,2024,9,9,星期一,False,True,False,
2024-09-10,2024,9,10,星期二,False,True,False,
2024-09-11,2024,9,11,星期三,False,True,False,
2024-09-12,2024,9,12,星期四,False,True,False,
2024-09-13,2024,9,13,星期五,False,True,False,
2024-09-14,2024,9,14,星期六,False,True,True,
2024-09-15,2024,9,15,星期日,True,False,False,中秋节
2024-09-16,2024,9,16,星期一,True,False,False,中秋节
2024-09-17,2024,9,17,星期二,True,False,False,中秋节
2024-09-18,2024,9,18,星期三,False,True,False,
2024-09-19,2024,9,19,星期四,False,True,False,
2024-09-20,2024,9,20,星期五,False,True,False,
2024-09-21,2024,9,21,星期六,False,False,False,
2024-09-22,2024,9,22,星期日,False,False,False,
2024-09-23,2024,9,23,星期一,False,True,False,
2024-09-24,2024,9,24,星期二,False,True,False,
2024-09-25,2024,9,25,星期三,False,True,False,
2024-09-26,2024,9,26,星期四,False,True,False,
2024-09-27,2024,9,27,星期五,False,True,False,
2024-09-28,2024,9,28,星期六,False,False,False,
2024-09-29,2024,9,29,星期日,False,True,True,
2024-09-30,2024,9,30,星期一,False,True,False,
2024-10-01,2024,10,1,星期二,True,False,False,国庆节
2024-10-02,2024,10,2,星期三,True,False,False,国庆节
2024-10-03,2024,10,3,星期四,True,False,False,国庆节
2024-10-04,2024,10,4,星期五,True,False,False,国庆节
2024-10-05,2024,10,5,星期六,True,False,False,国庆节
2024-10-06,2024,10,6,星期日,True,False,False,国庆节
2024-10-07,2024,10,7,星期一,True,False,False,国庆节
2024-10-08,2024,10,8,星期二,False,True,False,
2024-10-09,2024,10,9,星期三,False,True,False,
2024-10-10,2024,10,10,星期四,False,True,False,
2024-10-11,2024,10,11,星期五,False,True,False,
2024-10-12,2024,10,12,星期六,False,True,True,
2024-10-13,2024,10,13,星期日,False,False,False,
2024-10-14,2024,10,14,星期一,False,True,False,
2024-10-15,2024,10,15,星期二,False,True,False,
2024-10-16,2024,10,16,星期三,False,True,False,
2024-10-17,2024,10,17,星期四,False,True,False,
2024-10-18,2024,10,18,星期五,False,True,False,
2024-10-19,2024,10,19,星期六,False,False,False,
2024-10-20,2024,10,20,星期日,False,False,False,
2024-10-21,2024,10,21,星期一,False,True,False,
2024-10-22,2024,10,22,星期二,False,True,False,
2024-10-23,2024,10,23,星期三,False,True,False,
2024-10-24,2024,10,24,星期四,False,True,False,
2024-10-25,2024,10,25,星期五,False,True,False,
2024-10-26,2024,10,26,星期六,False,False,False,
2024-10-27,2024,10,27,星期日,False,False,False,
2024-10-28,2024,10,28,星期一,False,True,False,
2024-10-29,2024,10,29,星期二,False,True,False,
2024-10-30,2024,10,30,星期三,False,True,False,
2024-10-31,2024,10,31,星期四,False,True,False,
2024-11-01,2024,11,1,星期五,False,True,False,
2024-11-02,2024,11,2,星期六,False,False,False,
2024-11-03,2024,11,3,星期日,False,False,False,
2024-11-04,2024,11,4,星期一,False,True,False,
2024-11-05,2024,11,5,星期二,False,True,False,
2024-11-06,2024,11,6,星期三,False,True,False,
2024-11-07,2024,11,7,星期四,False,True,False,
2024-11-08,2024,11,8,星期五,False,True,False,
2024-11-09,2024,11,9,星期六,False,False,False,
2024-11-10,2024,11,10,星期日,False,False,False,
2024-11-11,2024,11,11,星期一,False,True,False,
2024-11-12,2024,11,12,星期二,False,True,False,
2024-11-13,2024,11,13,星期三,False,True,False,
2024-11-14,2024,11,14,星期四,False,True,False,
2024-11-15,2024,11,15,星期五,False,True,False,
2024-11-16,2024,11,16,星期六,False,False,False,
2024-11-17,2024,11,17,星期日,False,False,False,
2024-11-18,2024,11,18,星期一,False,True,False,
2024-11-19,2024,11,19,星期二,False,True,False,
2024-11-20,2024,11,20,星期三,False,True,False,
2024-11-21,2024,11,21,星期四,False,True,False,
2024-11-22,2024,11,22,星期五,False,True,False,
2024-11-23,2024,11,23,星期六,False,False,False,
2024-11-24,2024,11,24,星期日,False,False,False,
2024-11-25,2024,11,25,星期一,False,True,False,
2024-11-26,2024,11,26,星期二,False,True,False,
2024-11-27,2024,11,27,星期三,False,True,False,
2024-11-28,2024,11,28,星期四,False,True,False,
2024-11-29,2024,11,29,星期五,False,True,False,
2024-11-30,2024,11,30,星期六,False,False,False,
2024-12-01,2024,12,1,星期日,False,False,False,
2024-12-02,2024,12,2,星期一,False,True,False,
2024-12-03,2024,12,3,星期二,False,True,False,
2024-12-04,2024,12,4,星期三,False,True,False,
2024-12-05,2024,12,5,星期四,False,True,False,
2024-12-06,2024,12,6,星期五,False,True,False,
2024-12-07,2024,12,7,星期六,False,False,False,
2024-12-08,2024,12,8,星期日,False,False,False,
2024-12-09,2024,12,9,星期一,False,True,False,
2024-12-10,2024,12,10,星期二,False,True,False,
2024-12-11,2024,12,11,星期三,False,True,False,
2024-12-12,2024,12,12,星期四,False,True,False,
2024-12-13,2024,12,13,星期五,False,True,False,
2024-12-14,2024,12,14,星期六,False,False,False,
2024-12-15,2024,12,15,星期日,False,False,False,
2024-12-16,2024,12,16,星期一,False,True,False,
2024-12-17,2024,12,17,星期二,False,True,False,
2024-12-18,2024,12,18,星期三,False,True,False,
2024-12-19,2024,12,19,星期四,False,True,False,
2024-12-20,2024,12,20,星期五,False,True,False,
2024-12-21,2024,12,21,星期六,False,False,False,
2024-12-22,2024,12,22,星期日,False,False,False,
2024-12-23,2024,12,23,星期一,False,True,False,
2024-12-24,2024,12,24,星期二,False,True,False,
2024-12-25,2024,12,25,星期三,False,True,False,
2024-12-26,2024,12,26,星期四,False,True,False,
2024-12-27,2024,12,27,星期五,False,True,False,
2024-12-28,2024,12,28,星期六,False,False,False,
2024-12-29,2024,12,29,星期日,False,False,False,
2024-12-30,2024,12,30,星期一,False,True,False,
2024-12-31,2024,12,31,星期二,False,True,False,
2025-01-01,2025,1,1,星期三,True,False,False,元旦
2025-01-02,2025,1,2,星期四,False,True,False,
2025-01-03,2025,1,3,星期五,False,True,False,
2025-01-04,2025,1,4,星期六,False,False,False,
2025-01-05,2025,1,5,星期日,False,False,False,
2025-01-06,2025,1,6,星期一,False,True,False,
2025-01-07,2025,1,7,星期二,False,True,False,
2025-01-08,2025,1,8,星期三,False,True,False,
2025-01-09,2025,1,9,星期四,False,True,False,
2025-01-10,2025,1,10,星期五,False,True,False,
2025-01-11,2025,1,11,星期六,False,False,False,
2025-01-12,2025,1,12,星期日,False,False,False,
2025-01-13,2025,1,13,星期一,False,True,False,
2025-01-14,2025,1,14,星期二,False,True,False,
2025-01-15,2025,1,15,星期三,False,True,False,
2025-01-16,2025,1,16,星期四,False,True,False,
2025-01-17,2025,1,17,星期五,False,True,False,
2025-01-18,2025,1,18,星期六,False,False,False,
2025-01-19,2025,1,19,星期日,False,False,False,
2025-01-20,2025,1,20,星期一,False,True,False,
2025-01-21,2025,1,21,星期二,False,True,False,
2025-01-22,2025,1,22,星期三,False,True,False,
2025-01-23,2025,1,23,星期四,False,True,False,
2025-01-24,2025,1,24,星期五,False,True,False,
2025-01-25,2025,1,25,星期六,False,False,False,
2025-01-26,2025,1,26,星期日,False,True,True,
2025-01-27,2025,1,27,星期一,False,True,False,
2025-01-28,2025,1,28,星期二,True,False,False,春节
2025-01-29,2025,1,29,星期三,True,False,False,春节
2025-01-30,2025,1,30,星期四,True,False,False,春节
2025-01-31,2025,1,31,星期五,True,False,False,春节
2025-02-01,2025,2,1,星期六,True,False,False,春节
2025-02-02,2025,2,2,星期日,True,False,False,春节
2025-02-03,2025,2,3,星期一,True,False,False,春节
2025-02-04,2025,2,4,星期二,True,False,False,春节
2025-02-05,2025,2,5,星期三,False,True,False,
2025-02-06,2025,2,6,星期四,False,True,False,
2025-02-07,2025,2,7,星期五,False,True,False,
2025-02-08,2025,2,8,星期六,False,True,True,
2025-02-09,2025,2,9,星期日,False,False,False,
2025-02-10,2025,2,10,星期一,False,True,False,
2025-02-11,2025,2,11,星期二,False,True,False,
2025-02-12,2025,2,12,星期三,False,True,False,
2025-02-13,2025,2,13,星期四,False,True,False,
2025-02-14,2025,2,14,星期五,False,True,False,
2025-02-15,2025,2,15,星期六,False,False,False,
2025-02-16,2025,2,16,星期日,False,False,False,
2025-02-17,2025,2,17,星期一,False,True,False,
2025-02-18,2025,2,18,星期二,False,True,False,
2025-02-19,2025,2,19,星期三,False,True,False,
2025-02-20,2025,2,20,星期四,False,True,False,
2025-02-21,2025,2,21,星期五,False,True,False,
2025-02-22,2025,2,22,星期六,False,False,False,
2025-02-23,2025,2,23,星期日,False,False,False,
2025-02-24,2025,2,24,星期一,False,True,False,
2025-02-25,2025,2,25,星期二,False,True,False,
2025-02-26,2025,2,26,星期三,False,True,False,
2025-02-27,2025,2,27,星期四,False,True,False,
2025-02-28,2025,2,28,星期五,False,True,False,
2025-03-01,2025,3,1,星期六,False,False,False,
2025-03-02,2025,3,2,星期日,False,False,False,
2025-03-03,2025,3,3,星期一,False,True,False,
2025-03-04,2025,3,4,星期二,False,True,False,
2025-03-05,2025,3,5,星期三,False,True,False,
2025-03-06,2025,3,6,星期四,False,True,False,
2025-03-07,2025,3,7,星期五,False,True,False,
2025-03-08,2025,3,8,星期六,False,False,False,
2025-03-09,2025,3,9,星期日,False,False,False,
2025-03-10,2025,3,10,星期一,False,True,False,
2025-03-11,2025,3,11,星期二,False,True,False,
2025-03-12,2025,3,12,星期三,False,True,False,
2025-03-13,2025,3,13,星期四,False,True,False,
2025-03-14,2025,3,14,星期五,False,True,False,
2025-03-15,2025,3,15,星期六,False,False,False,
2025-03-16,2025,3,16,星期日,False,False,False,
2025-03-17,2025,3,17,星期一,False,True,False,
2025-03-18,2025,3,18,星期二,False,True,False,
2025-03-19,2025,3,19,星期三,False,True,False,
2025-03-20,2025,3,20,星期四,False,True,False,
2025-03-21,2025,3,21,星期五,False,True,False,
2025-03-22,2025,3,22,星期六,False,False,False,
2025-03-23,2025,3,23,星期日,False,False,False,
2025-03-24,2025,3,24,星期一,False,True,False,
2025-03-25,2025,3,25,星期二,False,True,False,
2025-03-26,2025,3,26,星期三,False,True,False,
2025-03-27,2025,3,27,星期四,False,True,False,
2025-03-28,2025,3,28,星期五,False,True,False,
2025-03-29,2025,3,29,星期六,False,False,False,
2025-03-30,2025,3,30,星期日,False,False,False,
2025-03-31,2025,3,31,星期一,False,True,False,
2025-04-01,2025,4,1,星期二,False,True,False,
2025-04-02,2025,4,2,星期三,False,True,False,
2025-04-03,2025,4,3,星期四,False,True,False,
2025-04-04,2025,4,4,星期五,True,False,False,清明节
2025-04-05,2025,4,5,星期六,True,False,False,清明节
2025-04-06,2025,4,6,星期日,True,False,False,清明节
2025-04-07,2025,4,7,星期一,False,True,False,
2025-04-08,2025,4,8,星期二,False,True,False,
2025-04-09,2025,4,9,星期三,False,True,False,
2025-04-10,2025,4,10,星期四,False,True,False,
2025-04-11,2025,4,11,星期五,False,True,False,
2025-04-12,2025,4,12,星期六,False,False,False,
2025-04-13,2025,4,13,星期日,False,False,False,
2025-04-14,2025,4,14,星期一,False,True,False,
2025-04-15,2025,4,15,星期二,False,True,False,
2025-04-16,2025,4,16,星期三,False,True,False,
2025-04-17,2025,4,17,星期四,False,True,False,
2025-04-18,2025,4,18,星期五,False,True,False,
2025-04-19,2025,4,19,星期六,False,False,False,
2025-04-20,2025,4,20,星期日,False,False,False,
2025-04-21,2025,4,21,星期一,False,True,False,
2025-04-22,2025,4,22,星期二,False,True,False,
2025-04-23,2025,4,23,星期三,False,True,False,
2025-04-24,2025,4,24,星期四,False,True,False,
2025-04-25,2025,4,25,星期五,False,True,False,
2025-04-26,2025,4,26,星期六,False,False,False,
2025-04-27,2025,4,27,星期日,False,True,True,
2025-04-28,2025,4,28,星期一,False,True,False,
2025-04-29,2025,4,29,星期二,False,True,False,
2025-04-30,2025,4,30,星期三,False,True,False,
2025-05-01,2025,5,1,星期四,True,False,False,劳动节
2025-05-02,2025,5,2,星期五,True,False,False,劳动节
2025-05-03,2025,5,3,星期六,True,False,False,劳动节
2025-05-04,2025,5,4,星期日,True,False,False,劳动节
2025-05-05,2025,5,5,星期一,True,False,False,劳动节
2025-05-06,2025,5,6,星期二,False,True,False,
2025-05-07,2025,5,7,星期三,False,True,False,
2025-05-08,2025,5,8,星期四,False,True,False,
2025-05-09,2025,5,9,星期五,False,True,True,
2025-05-10,2025,5,10,星期六,False,False,False,
2025-05-11,2025,5,11,星期日,False,False,False,
2025-05-12,2025,5,12,星期一,False,True,False,
2025-05-13,2025,5,13,星期二,False,True,False,
2025-05-14,2025,5,14,星期三,False,True,False,
2025-05-15,2025,5,15,星期四,False,True,False,
2025-05-16,2025,5,16,星期五,False,True,False,
2025-05-17,2025,5,17,星期六,False,False,False,
2025-05-18,2025,5,18,星期日,False,False,False,
2025-05-19,2025,5,19,星期一,False,True,False,
2025-05-20,2025,5,20,星期二,False,True,False,
2025-05-21,2025,5,21,星期三,False,True,False,
2025-05-22,2025,5,22,星期四,False,True,False,
2025-05-23,2025,5,23,星期五,False,True,False,
2025-05-24,2025,5,24,星期六,False,False,False,
2025-05-25,2025,5,25,星期日,False,False,False,
2025-05-26,2025,5,26,星期一,False,True,False,
2025-05-27,2025,5,27,星期二,False,True,False,
2025-05-28,2025,5,28,星期三,False,True,False,
2025-05-29,2025,5,29,星期四,False,True,False,
2025-05-30,2025,5,30,星期五,False,True,False,
2025-05-31,2025,5,31,星期六,True,False,False,端午节
2025-06-01,2025,6,1,星期日,False,False,False,
2025-06-02,2025,6,2,星期一,False,True,False,
2025-06-03,2025,6,3,星期二,False,True,False,
2025-06-04,2025,6,4,星期三,False,True,False,
2025-06-05,2025,6,5,星期四,False,True,False,
2025-06-06,2025,6,6,星期五,False,True,False,
2025-06-07,2025,6,7,星期六,False,False,False,
2025-06-08,2025,6,8,星期日,False,False,False,
2025-06-09,2025,6,9,星期一,False,True,False,
2025-06-10,2025,6,10,星期二,False,True,False,
2025-06-11,2025,6,11,星期三,False,True,False,
2025-06-12,2025,6,12,星期四,False,True,False,
2025-06-13,2025,6,13,星期五,False,True,False,
2025-06-14,2025,6,14,星期六,False,False,False,
2025-06-15,2025,6,15,星期日,False,False,False,
2025-06-16,2025,6,16,星期一,False,True,False,
2025-06-17,2025,6,17,星期二,False,True,False,
2025-06-18,2025,6,18,星期三,False,True,False,
2025-06-19,2025,6,19,星期四,False,True,False,
2025-06-20,2025,6,20,星期五,False,True,False,
2025-06-21,2025,6,21,星期六,False,False,False,
2025-06-22,2025,6,22,星期日,False,False,False,
2025-06-23,2025,6,23,星期一,False,True,False,
2025-06-24,2025,6,24,星期二,False,True,False,
2025-06-25,2025,6,25,星期三,False,True,False,
2025-06-26,2025,6,26,星期四,False,True,False,
2025-06-27,2025,6,27,星期五,False,True,False,
2025-06-28,2025,6,28,星期六,False,False,False,
2025-06-29,2025,6,29,星期日,False,False,False,
2025-06-30,2025,6,30,星期一,False,True,False,
2025-07-01,2025,7,1,星期二,False,True,False,
2025-07-02,2025,7,2,星期三,False,True,False,
2025-07-03,2025,7,3,星期四,False,True,False,
2025-07-04,2025,7,4,星期五,False,True,False,
2025-07-05,2025,7,5,星期六,False,False,False,
2025-07-06,2025,7,6,星期日,False,False,False,
2025-07-07,2025,7,7,星期一,False,True,False,
2025-07-08,2025,7,8,星期二,False,True,False,
2025-07-09,2025,7,9,星期三,False,True,False,
2025-07-10,2025,7,10,星期四,False,True,False,
2025-07-11,2025,7,11,星期五,False,True,False,
2025-07-12,2025,7,12,星期六,False,False,False,
2025-07-13,2025,7,13,星期日,False,False,False,
2025-07-14,2025,7,14,星期一,False,True,False,
2025-07-15,2025,7,15,星期二,False,True,False,
2025-07-16,2025,7,16,星期三,False,True,False,
2025-07-17,2025,7,17,星期四,False,True,False,
2025-07-18,2025,7,18,星期五,False,True,False,
2025-07-19,2025,7,19,星期六,False,False,False,
2025-07-20,2025,7,20,星期日,False,False,False,
2025-07-21,2025,7,21,星期一,False,True,False,
2025-07-22,2025,7,22,星期二,False,True,False,
2025-07-23,2025,7,23,星期三,False,True,False,
2025-07-24,2025,7,24,星期四,False,True,False,
2025-07-25,2025,7,25,星期五,False,True,False,
2025-07-26,2025,7,26,星期六,False,False,False,
2025-07-27,2025,7,27,星期日,False,False,False,
2025-07-28,2025,7,28,星期一,False,True,False,
2025-07-29,2025,7,29,星期二,False,True,False,
2025-07-30,2025,7,30,星期三,False,True,False,
2025-07-31,2025,7,31,星期四,False,True,False,
2025-08-01,2025,8,1,星期五,False,True,False,
2025-08-02,2025,8,2,星期六,False,False,False,
2025-08-03,2025,8,3,星期日,False,False,False,
2025-08-04,2025,8,4,星期一,False,True,False,
2025-08-05,2025,8,5,星期二,False,True,False,
2025-08-06,2025,8,6,星期三,False,True,False,
2025-08-07,2025,8,7,星期四,False,True,False,
2025-08-08,2025,8,8,星期五,False,True,False,
2025-08-09,2025,8,9,星期六,False,False,False,
2025-08-10,2025,8,10,星期日,False,False,False,
2025-08-11,2025,8,11,星期一,False,True,False,
2025-08-12,2025,8,12,星期二,False,True,False,
2025-08-13,2025,8,13,星期三,False,True,False,
2025-08-14,2025,8,14,星期四,False,True,False,
2025-08-15,2025,8,15,星期五,False,True,False,
2025-08-16,2025,8,16,星期六,False,False,False,
2025-08-17,2025,8,17,星期日,False,False,False,
2025-08-18,2025,8,18,星期一,False,True,False,
2025-08-19,2025,8,19,星期二,False,True,False,
2025-08-20,2025,8,20,星期三,False,True,False,
2025-08-21,2025,8,21,星期四,False,True,False,
2025-08-22,2025,8,22,星期五,False,True,False,
2025-08-23,2025,8,23,星期六,False,False,False,
2025-08-24,2025,8,24,星期日,False,False,False,
2025-08-25,2025,8,25,星期一,False,True,False,
2025-08-26,2025,8,26,星期二,False,True,False,
2025-08-27,2025,8,27,星期三,False,True,False,
2025-08-28,2025,8,28,星期四,False,True,False,
2025-08-29,2025,8,29,星期五,False,True,False,
2025-08-30,2025,8,30,星期六,False,False,False,
2025-08-31,2025,8,31,星期日,False,False,False,
2025-09-01,2025,9,1,星期一,False,True,False,
2025-09-02,2025,9,2,星期二,False,True,False,
2025-09-03,2025,9,3,星期三,False,True,False,
2025-09-04,2025,9,4,星期四,False,True,False,
2025-09-05,2025,9,5,星期五,False,True,False,
2025-09-06,2025,9,6,星期六,False,False,False,
2025-09-07,2025,9,7,星期日,False,False,False,
2025-09-08,2025,9,8,星期一,False,True,False,
2025-09-09,2025,9,9,星期二,False,True,False,
2025-09-10,2025,9,10,星期三,False,True,False,
2025-09-11,2025,9,11,星期四,False,True,False,
2025-09-12,2025,9,12,星期五,False,True,False,
2025-09-13,2025,9,13,星期六,False,False,False,
2025-09-14,2025,9,14,星期日,False,False,False,
2025-09-15,2025,9,15,星期一,False,True,False,
2025-09-16,2025,9,16,星期二,False,True,False,
2025-09-17,2025,9,17,星期三,False,True,False,
2025-09-18,2025,9,18,星期四,False,True,False,
2025-09-19,2025,9,19,星期五,False,True,False,
2025-09-20,2025,9,20,星期六,False,False,False,
2025-09-21,2025,9,21,星期日,False,False,False,
2025-09-22,2025,9,22,星期一,False,True,False,
2025-09-23,2025,9,23,星期二,False,True,False,
2025-09-24,2025,9,24,星期三,False,True,False,
2025-09-25,2025,9,25,星期四,False,True,False,
2025-09-26,2025,9,26,星期五,False,True,False,
2025-09-27,2025,9,27,星期六,False,False,False,
2025-09-28,2025,9,28,星期日,False,False,False,
2025-09-29,2025,9,29,星期一,False,True,False,
2025-09-30,2025,9,30,星期二,False,True,False,
2025-10-01,2025,10,1,星期三,True,False,False,国庆节
2025-10-02,2025,10,2,星期四,True,False,False,国庆节
2025-10-03,2025,10,3,星期五,True,False,False,国庆节
2025-10-04,2025,10,4,星期六,True,False,False,国庆节
2025-10-05,2025,10,5,星期日,True,False,False,国庆节
2025-10-06,2025,10,6,星期一,True,False,False,国庆节
2025-10-07,2025,10,7,星期二,True,False,False,国庆节
2025-10-08,2025,10,8,星期三,True,False,False,国庆节
2025-10-09,2025,10,9,星期四,False,True,False,
2025-10-10,2025,10,10,星期五,False,True,False,
2025-10-11,2025,10,11,星期六,False,True,True,
2025-10-12,2025,10,12,星期日,False,False,False,
2025-10-13,2025,10,13,星期一,False,True,False,
2025-10-14,2025,10,14,星期二,False,True,False,
2025-10-15,2025,10,15,星期三,False,True,False,
2025-10-16,2025,10,16,星期四,False,True,False,
2025-10-17,2025,10,17,星期五,False,True,False,
2025-10-18,2025,10,18,星期六,False,False,False,
2025-10-19,2025,10,19,星期日,False,False,False,
2025-10-20,2025,10,20,星期一,False,True,False,
2025-10-21,2025,10,21,星期二,False,True,False,
2025-10-22,2025,10,22,星期三,False,True,False,
2025-10-23,2025,10,23,星期四,False,True,False,
2025-10-24,2025,10,24,星期五,False,True,False,
2025-10-25,2025,10,25,星期六,False,False,False,
2025-10-26,2025,10,26,星期日,False,False,False,
2025-10-27,2025,10,27,星期一,False,True,False,
2025-10-28,2025,10,28,星期二,False,True,False,
2025-10-29,2025,10,29,星期三,False,True,False,
2025-10-30,2025,10,30,星期四,False,True,False,
2025-10-31,2025,10,31,星期五,False,True,False,
2025-11-01,2025,11,1,星期六,False,False,False,
2025-11-02,2025,11,2,星期日,False,False,False,
2025-11-03,2025,11,3,星期一,False,True,False,
2025-11-04,2025,11,4,星期二,False,True,False,
2025-11-05,2025,11,5,星期三,False,True,False,
2025-11-06,2025,11,6,星期四,False,True,False,
2025-11-07,2025,11,7,星期五,False,True,False,
2025-11-08,2025,11,8,星期六,False,False,False,
2025-11-09,2025,11,9,星期日,False,False,False,
2025-11-10,2025,11,10,星期一,False,True,False,
2025-11-11,2025,11,11,星期二,False,True,False,
2025-11-12,2025,11,12,星期三,False,True,False,
2025-11-13,2025,11,13,星期四,False,True,False,
2025-11-14,2025,11,14,星期五,False,True,False,
2025-11-15,2025,11,15,星期六,False,False,False,
2025-11-16,2025,11,16,星期日,False,False,False,
2025-11-17,2025,11,17,星期一,False,True,False,
2025-11-18,2025,11,18,星期二,False,True,False,
2025-11-19,2025,11,19,星期三,False,True,False,
2025-11-20,2025,11,20,星期四,False,True,False,
2025-11-21,2025,11,21,星期五,False,True,False,
2025-11-22,2025,11,22,星期六,False,False,False,
2025-11-23,2025,11,23,星期日,False,False,False,
2025-11-24,2025,11,24,星期一,False,True,False,
2025-11-25,2025,11,25,星期二,False,True,False,
2025-11-26,2025,11,26,星期三,False,True,False,
2025-11-27,2025,11,27,星期四,False,True,False,
2025-11-28,2025,11,28,星期五,False,True,False,
2025-11-29,2025,11,29,星期六,False,False,False,
2025-11-30,2025,11,30,星期日,False,False,False,
2025-12-01,2025,12,1,星期一,False,True,False,
2025-12-02,2025,12,2,星期二,False,True,False,
2025-12-03,2025,12,3,星期三,False,True,False,
2025-12-04,2025,12,4,星期四,False,True,False,
2025-12-05,2025,12,5,星期五,False,True,False,
2025-12-06,2025,12,6,星期六,False,False,False,
2025-12-07,2025,12,7,星期日,False,False,False,
2025-12-08,2025,12,8,星期一,False,True,False,
2025-12-09,2025,12,9,星期二,False,True,False,
2025-12-10,2025,12,10,星期三,False,True,False,
2025-12-11,2025,12,11,星期四,False,True,False,
2025-12-12,2025,12,12,星期五,False,True,False,
2025-12-13,2025,12,13,星期六,False,False,False,
2025-12-14,2025,12,14,星期日,False,False,False,
2025-12-15,2025,12,15,星期一,False,True,False,
2025-12-16,2025,12,16,星期二,False,True,False,
2025-12-17,2025,12,17,星期三,False,True,False,
2025-12-18,2025,12,18,星期四,False,True,False,
2025-12-19,2025,12,19,星期五,False,True,False,
2025-12-20,2025,12,20,星期六,False,False,False,
2025-12-21,2025,12,21,星期日,False,False,False,
2025-12-22,2025,12,22,星期一,False,True,False,
2025-12-23,2025,12,23,星期二,False,True,False,
2025-12-24,2025,12,24,星期三,False,True,False,
2025-12-25,2025,12,25,星期四,False,True,False,
2025-12-26,2025,12,26,星期五,False,True,False,
2025-12-27,2025,12,27,星期六,False,False,False,
2025-12-28,2025,12,28,星期日,False,False,False,
2025-12-29,2025,12,29,星期一,False,True,False,
2025-12-30,2025,12,30,星期二,False,True,False,
2025-12-31,2025,12,31,星期三,False,True,False,
2026-01-01,2026,1,1,星期四,True,False,False,元旦
2026-01-02,2026,1,2,星期五,True,False,False,元旦
2026-01-03,2026,1,3,星期六,True,False,False,元旦
2026-01-04,2026,1,4,星期日,False,False,False,
2026-01-05,2026,1,5,星期一,False,True,False,
2026-01-06,2026,1,6,星期二,False,True,False,
2026-01-07,2026,1,7,星期三,False,True,False,
2026-01-08,2026,1,8,星期四,False,True,False,
2026-01-09,2026,1,9,星期五,False,True,False,
2026-01-10,2026,1,10,星期六,False,False,False,
2026-01-11,2026,1,11,星期日,False,False,False,
2026-01-12,2026,1,12,星期一,False,True,False,
2026-01-13,2026,1,13,星期二,False,True,False,
2026-01-14,2026,1,14,星期三,False,True,False,
2026-01-15,2026,1,15,星期四,False,True,False,
2026-01-16,2026,1,16,星期五,False,True,False,
2026-01-17,2026,1,17,星期六,False,False,False,
2026-01-18,2026,1,18,星期日,False,False,False,
2026-01-19,2026,1,19,星期一,False,True,False,
2026-01-20,2026,1,20,星期二,False,True,False,
2026-01-21,2026,1,21,星期三,False,True,False,
2026-01-22,2026,1,22,星期四,False,True,False,
2026-01-23,2026,1,23,星期五,False,True,False,
2026-01-24,2026,1,24,星期六,False,False,False,
2026-01-25,2026,1,25,星期日,False,False,False,
2026-01-26,2026,1,26,星期一,False,True,False,
2026-01-27,2026,1,27,星期二,False,True,False,
2026-01-28,2026,1,28,星期三,False,True,False,
2026-01-29,2026,1,29,星期四,False,True,False,
2026-01-30,2026,1,30,星期五,False,True,False,
2026-01-31,2026,1,31,星期六,False,False,False,
2026-02-01,2026,2,1,星期日,False,False,False,
2026-02-02,2026,2,2,星期一,False,True,False,
2026-02-03,2026,2,3,星期二,False,True,False,
2026-02-04,2026,2,4,星期三,False,True,False,
2026-02-05,2026,2,5,星期四,False,True,False,
2026-02-06,2026,2,6,星期五,False,True,False,
2026-02-07,2026,2,7,星期六,False,False,False,
2026-02-08,2026,2,8,星期日,False,False,False,
2026-02-09,2026,2,9,星期一,False,True,False,
2026-02-10,2026,2,10,星期二,False,True,False,
2026-02-11,2026,2,11,星期三,False,True,False,
2026-02-12,2026,2,12,星期四,False,True,False,
2026-02-13,2026,2,13,星期五,False,True,False,
2026-02-14,2026,2,14,星期六,False,False,False,
2026-02-15,2026,2,15,星期日,False,True,True,
2026-02-16,2026,2,16,星期一,True,False,False,春节
2026-02-17,2026,2,17,星期二,True,False,False,春节
2026-02-18,2026,2,18,星期三,True,False,False,春节
2026-02-19,2026,2,19,星期四,True,False,False,春节
2026-02-20,2026,2,20,星期五,True,False,False,春节
2026-02-21,2026,2,21,星期六,True,False,False,春节
2026-02-22,2026,2,22,星期日,True,False,False,春节
2026-02-23,2026,2,23,星期一,False,True,False,
2026-02-24,2026,2,24,星期二,False,True,False,
2026-02-25,2026,2,25,星期三,False,True,False,
2026-02-26,2026,2,26,星期四,False,True,False,
2026-02-27,2026,2,27,星期五,False,True,False,
2026-02-28,2026,2,28,星期六,False,True,True,
2026-03-01,2026,3,1,星期日,False,False,False,
2026-03-02,2026,3,2,星期一,False,True,False,
2026-03-03,2026,3,3,星期二,False,True,False,
2026-03-04,2026,3,4,星期三,False,True,False,
2026-03-05,2026,3,5,星期四,False,True,False,
2026-03-06,2026,3,6,星期五,False,True,False,
2026-03-07,2026,3,7,星期六,False,False,False,
2026-03-08,2026,3,8,星期日,False,False,False,
2026-03-09,2026,3,9,星期一,False,True,False,
2026-03-10,2026,3,10,星期二,False,True,False,
2026-03-11,2026,3,11,星期三,False,True,False,
2026-03-12,2026,3,12,星期四,False,True,False,
2026-03-13,2026,3,13,星期五,False,True,False,
2026-03-14,2026,3,14,星期六,False,False,False,
2026-03-15,2026,3,15,星期日,False,False,False,
2026-03-16,2026,3,16,星期一,False,True,False,
2026-03-17,2026,3,17,星期二,False,True,False,
2026-03-18,2026,3,18,星期三,False,True,False,
2026-03-19,2026,3,19,星期四,False,True,False,
2026-03-20,2026,3,20,星期五,False,True,False,
2026-03-21,2026,3,21,星期六,False,False,False,
2026-03-22,2026,3,22,星期日,False,False,False,
2026-03-23,2026,3,23,星期一,False,True,False,
2026-03-24,2026,3,24,星期二,False,True,False,
2026-03-25,2026,3,25,星期三,False,True,False,
2026-03-26,2026,3,26,星期四,False,True,False,
2026-03-27,2026,3,27,星期五,False,True,False,
2026-03-28,2026,3,28,星期六,False,False,False,
2026-03-29,2026,3,29,星期日,False,False,False,
2026-03-30,2026,3,30,星期一,False,True,False,
2026-03-31,2026,3,31,星期二,False,True,False,
2026-04-01,2026,4,1,星期三,False,True,False,
2026-04-02,2026,4,2,星期四,False,True,False,
2026-04-03,2026,4,3,星期五,False,True,False,
2026-04-04,2026,4,4,星期六,True,False,False,清明节
2026-04-05,2026,4,5,星期日,True,False,False,清明节
2026-04-06,2026,4,6,星期一,True,False,False,清明节
2026-04-07,2026,4,7,星期二,False,True,False,
2026-04-08,2026,4,8,星期三,False,True,False,
2026-04-09,2026,4,9,星期四,False,True,False,
2026-04-10,2026,4,10,星期五,False,True,False,
2026-04-11,2026,4,11,星期六,False,False,False,
2026-04-12,2026,4,12,星期日,False,False,False,
2026-04-13,2026,4,13,星期一,False,True,False,
2026-04-14,2026,4,14,星期二,False,True,False,
2026-04-15,2026,4,15,星期三,False,True,False,
2026-04-16,2026,4,16,星期四,False,True,False,
2026-04-17,2026,4,17,星期五,False,True,False,
2026-04-18,2026,4,18,星期六,False,False,False,
2026-04-19,2026,4,19,星期日,False,False,False,
2026-04-20,2026,4,20,星期一,False,True,False,
2026-04-21,2026,4,21,星期二,False,True,False,
2026-04-22,2026,4,22,星期三,False,True,False,
2026-04-23,2026,4,23,星期四,False,True,False,
2026-04-24,2026,4,24,星期五,False,True,False,
2026-04-25,2026,4,25,星期六,False,False,False,
2026-04-26,2026,4,26,星期日,False,True,True,
2026-04-27,2026,4,27,星期一,False,True,False,
2026-04-28,2026,4,28,星期二,False,True,False,
2026-04-29,2026,4,29,星期三,False,True,False,
2026-04-30,2026,4,30,星期四,False,True,False,
2026-05-01,2026,5,1,星期五,True,False,False,劳动节
2026-05-02,2026,5,2,星期六,True,False,False,劳动节
2026-05-03,2026,5,3,星期日,True,False,False,劳动节
2026-05-04,2026,5,4,星期一,True,False,False,劳动节
2026-05-05,2026,5,5,星期二,True,False,False,劳动节
2026-05-06,2026,5,6,星期三,False,True,False,
2026-05-07,2026,5,7,星期四,False,True,False,
2026-05-08,2026,5,8,星期五,False,True,False,
2026-05-09,2026,5,9,星期六,False,True,True,
2026-05-10,2026,5,10,星期日,False,False,False,
2026-05-11,2026,5,11,星期一,False,True,False,
2026-05-12,2026,5,12,星期二,False,True,False,
2026-05-13,2026,5,13,星期三,False,True,False,
2026-05-14,2026,5,14,星期四,False,True,False,
2026-05-15,2026,5,15,星期五,False,True,False,
2026-05-16,2026,5,16,星期六,False,False,False,
2026-05-17,2026,5,17,星期日,False,False,False,
2026-05-18,2026,5,18,星期一,False,True,False,
2026-05-19,2026,5,19,星期二,False,True,False,
2026-05-20,2026,5,20,星期三,False,True,False,
2026-05-21,2026,5,21,星期四,False,True,False,
2026-05-22,2026,5,22,星期五,False,True,False,
2026-05-23,2026,5,23,星期六,False,False,False,
2026-05-24,2026,5,24,星期日,False,False,False,
2026-05-25,2026,5,25,星期一,False,True,False,
2026-05-26,2026,5,26,星期二,False,True,False,
2026-05-27,2026,5,27,星期三,False,True,False,
2026-05-28,2026,5,28,星期四,False,True,False,
2026-05-29,2026,5,29,星期五,False,True,False,
2026-05-30,2026,5,30,星期六,False,False,False,
2026-05-31,2026,5,31,星期日,False,False,False,
2026-06-01,2026,6,1,星期一,False,True,False,
2026-06-02,2026,6,2,星期二,False,True,False,
2026-06-03,2026,6,3,星期三,False,True,False,
2026-06-04,2026,6,4,星期四,False,True,False,
2026-06-05,2026,6,5,星期五,False,True,False,
2026-06-06,2026,6,6,星期六,False,False,False,
2026-06-07,2026,6,7,星期日,False,False,False,
2026-06-08,2026,6,8,星期一,False,True,False,
2026-06-09,2026,6,9,星期二,False,True,False,
2026-06-10,2026,6,10,星期三,False,True,False,
2026-06-11,2026,6,11,星期四,False,True,False,
2026-06-12,2026,6,12,星期五,False,True,False,
2026-06-13,2026,6,13,星期六,False,False,False,
2026-06-14,2026,6,14,星期日,False,False,False,
2026-06-15,2026,6,15,星期一,False,True,False,
2026-06-16,2026,6,16,星期二,False,True,False,
2026-06-17,2026,6,17,星期三,False,True,False,
2026-06-18,2026,6,18,星期四,False,True,False,
2026-06-19,2026,6,19,星期五,True,False,False,端午节
2026-06-20,2026,6,20,星期六,True,False,False,端午节
2026-06-21,2026,6,21,星期日,True,False,False,端午节
2026-06-22,2026,6,22,星期一,False,True,False,
2026-06-23,2026,6,23,星期二,False,True,False,
2026-06-24,2026,6,24,星期三,False,True,False,
2026-06-25,2026,6,25,星期四,False,True,False,
2026-06-26,2026,6,26,星期五,False,True,False,
2026-06-27,2026,6,27,星期六,False,False,False,
2026-06-28,2026,6,28,星期日,False,False,False,
2026-06-29,2026,6,29,星期一,False,True,False,
2026-06-30,2026,6,30,星期二,False,True,False,
2026-07-01,2026,7,1,星期三,False,True,False,
2026-07-02,2026,7,2,星期四,False,True,False,
2026-07-03,2026,7,3,星期五,False,True,False,
2026-07-04,2026,7,4,星期六,False,False,False,
2026-07-05,2026,7,5,星期日,False,False,False,
2026-07-06,2026,7,6,星期一,False,True,False,
2026-07-07,2026,7,7,星期二,False,True,False,
2026-07-08,2026,7,8,星期三,False,True,False,
2026-07-09,2026,7,9,星期四,False,True,False,
2026-07-10,2026,7,10,星期五,False,True,False,
2026-07-11,2026,7,11,星期六,False,False,False,
2026-07-12,2026,7,12,星期日,False,False,False,
2026-07-13,2026,7,13,星期一,False,True,False,
2026-07-14,2026,7,14,星期二,False,True,False,
2026-07-15,2026,7,15,星期三,False,True,False,
2026-07-16,2026,7,16,星期四,False,True,False,
2026-07-17,2026,7,17,星期五,False,True,False,
2026-07-18,2026,7,18,星期六,False,False,False,
2026-07-19,2026,7,19,星期日,False,False,False,
2026-07-20,2026,7,20,星期一,False,True,False,
2026-07-21,2026,7,21,星期二,False,True,False,
2026-07-22,2026,7,22,星期三,False,True,False,
2026-07-23,2026,7,23,星期四,False,True,False,
2026-07-24,2026,7,24,星期五,False,True,False,
2026-07-25,2026,7,25,星期六,False,False,False,
2026-07-26,2026,7,26,星期日,False,False,False,
2026-07-27,2026,7,27,星期一,False,True,False,
2026-07-28,2026,7,28,星期二,False,True,False,
2026-07-29,2026,7,29,星期三,False,True,False,
2026-07-30,2026,7,30,星期四,False,True,False,
2026-07-31,2026,7,31,星期五,False,True,False,
2026-08-01,2026,8,1,星期六,False,False,False,
2026-08-02,2026,8,2,星期日,False,False,False,
2026-08-03,2026,8,3,星期一,False,True,False,
2026-08-04,2026,8,4,星期二,False,True,False,
2026-08-05,2026,8,5,星期三,False,True,False,
2026-08-06,2026,8,6,星期四,False,True,False,
2026-08-07,2026,8,7,星期五,False,True,False,
2026-08-08,2026,8,8,星期六,False,False,False,
2026-08-09,2026,8,9,星期日,False,False,False,
2026-08-10,2026,8,10,星期一,False,True,False,
2026-08-11,2026,8,11,星期二,False,True,False,
2026-08-12,2026,8,12,星期三,False,True,False,
2026-08-13,2026,8,13,星期四,False,True,False,
2026-08-14,2026,8,14,星期五,False,True,False,
2026-08-15,2026,8,15,星期六,False,False,False,
2026-08-16,2026,8,16,星期日,False,False,False,
2026-08-17,2026,8,17,星期一,False,True,False,
2026-08-18,2026,8,18,星期二,False,True,False,
2026-08-19,2026,8,19,星期三,False,True,False,
2026-08-20,2026,8,20,星期四,False,True,False,
2026-08-21,2026,8,21,星期五,False,True,False,
2026-08-22,2026,8,22,星期六,False,False,False,
2026-08-23,2026,8,23,星期日,False,False,False,
2026-08-24,2026,8,24,星期一,False,True,False,
2026-08-25,2026,8,25,星期二,False,True,False,
2026-08-26,2026,8,26,星期三,False,True,False,
2026-08-27,2026,8,27,星期四,False,True,False,
2026-08-28,2026,8,28,星期五,False,True,False,
2026-08-29,2026,8,29,星期六,False,False,False,
2026-08-30,2026,8,30,星期日,False,False,False,
2026-08-31,2026,8,31,星期一,False,True,False,
2026-09-01,2026,9,1,星期二,False,True,False,
2026-09-02,2026,9,2,星期三,False,True,False,
2026-09-03,2026,9,3,星期四,False,True,False,
2026-09-04,2026,9,4,星期五,False,True,False,
2026-09-05,2026,9,5,星期六,False,False,False,
2026-09-06,2026,9,6,星期日,False,False,False,
2026-09-07,2026,9,7,星期一,False,True,False,
2026-09-08,2026,9,8,星期二,False,True,False,
2026-09-09,2026,9,9,星期三,False,True,False,
2026-09-10,2026,9,10,星期四,False,True,False,
2026-09-11,2026,9,11,星期五,False,True,False,
2026-09-12,2026,9,12,星期六,False,False,False,
2026-09-13,2026,9,13,星期日,False,False,False,
2026-09-14,2026,9,14,星期一,False,True,False,
2026-09-15,2026,9,15,星期二,False,True,False,
2026-09-16,2026,9,16,星期三,False,True,False,
2026-09-17,2026,9,17,星期四,False,True,False,
2026-09-18,2026,9,18,星期五,False,True,False,
2026-09-19,2026,9,19,星期六,False,False,False,
2026-09-20,2026,9,20,星期日,False,False,False,
2026-09-21,2026,9,21,星期一,False,True,False,
2026-09-22,2026,9,22,星期二,False,True,False,
2026-09-23,2026,9,23,星期三,False,True,False,
2026-09-24,2026,9,24,星期四,False,True,False,
2026-09-25,2026,9,25,星期五,True,False,False,中秋节
2026-09-26,2026,9,26,星期六,True,False,False,中秋节
2026-09-27,2026,9,27,星期日,True,False,False,中秋节
2026-09-28,2026,9,28,星期一,False,True,True,
2026-09-29,2026,9,29,星期二,False,True,False,
2026-09-30,2026,9,30,星期三,False,True,False,
2026-10-01,2026,10,1,星期四,True,False,False,国庆节
2026-10-02,2026,10,2,星期五,True,False,False,国庆节
2026-10-03,2026,10,3,星期六,True,False,False,国庆节
2026-10-04,2026,10,4,星期日,True,False,False,国庆节
2026-10-05,2026,10,5,星期一,True,False,False,国庆节
2026-10-06,2026,10,6,星期二,True,False,False,国庆节
2026-10-07,2026,10,7,星期三,True,False,False,国庆节
2026-10-08,2026,10,8,星期四,True,False,False,国庆节
2026-10-09,2026,10,9,星期五,False,True,False,
2026-10-10,2026,10,10,星期六,False,True,True,
2026-10-11,2026,10,11,星期日,False,False,False,
2026-10-12,2026,10,12,星期一,False,True,False,
2026-10-13,2026,10,13,星期二,False,True,False,
2026-10-14,2026,10,14,星期三,False,True,False,
2026-10-15,2026,10,15,星期四,False,True,False,
2026-10-16,2026,10,16,星期五,False,True,False,
2026-10-17,2026,10,17,星期六,False,False,False,
2026-10-18,2026,10,18,星期日,False,False,False,
2026-10-19,2026,10,19,星期一,False,True,False,
2026-10-20,2026,10,20,星期二,False,True,False,
2026-10-21,2026,10,21,星期三,False,True,False,
2026-10-22,2026,10,22,星期四,False,True,False,
2026-10-23,2026,10,23,星期五,False,True,False,
2026-10-24,2026,10,24,星期六,False,False,False,
2026-10-25,2026,10,25,星期日,False,False,False,
2026-10-26,2026,10,26,星期一,False,True,False,
2026-10-27,2026,10,27,星期二,False,True,False,
2026-10-28,2026,10,28,星期三,False,True,False,
2026-10-29,2026,10,29,星期四,False,True,False,
2026-10-30,2026,10,30,星期五,False,True,False,
2026-10-31,2026,10,31,星期六,False,False,False,
2026-11-01,2026,11,1,星期日,False,False,False,
2026-11-02,2026,11,2,星期一,False,True,False,
2026-11-03,2026,11,3,星期二,False,True,False,
2026-11-04,2026,11,4,星期三,False,True,False,
2026-11-05,2026,11,5,星期四,False,True,False,
2026-11-06,2026,11,6,星期五,False,True,False,
2026-11-07,2026,11,7,星期六,False,False,False,
2026-11-08,2026,11,8,星期日,False,False,False,
2026-11-09,2026,11,9,星期一,False,True,False,
2026-11-10,2026,11,10,星期二,False,True,False,
2026-11-11,2026,11,11,星期三,False,True,False,
2026-11-12,2026,11,12,星期四,False,True,False,
2026-11-13,2026,11,13,星期五,False,True,False,
2026-11-14,2026,11,14,星期六,False,False,False,
2026-11-15,2026,11,15,星期日,False,False,False,
2026-11-16,2026,11,16,星期一,False,True,False,
2026-11-17,2026,11,17,星期二,False,True,False,
2026-11-18,2026,11,18,星期三,False,True,False,
2026-11-19,2026,11,19,星期四,False,True,False,
2026-11-20,2026,11,20,星期五,False,True,False,
2026-11-21,2026,11,21,星期六,False,False,False,
2026-11-22,2026,11,22,星期日,False,False,False,
2026-11-23,2026,11,23,星期一,False,True,False,
2026-11-24,2026,11,24,星期二,False,True,False,
2026-11-25,2026,11,25,星期三,False,True,False,
2026-11-26,2026,11,26,星期四,False,True,False,
2026-11-27,2026,11,27,星期五,False,True,False,
2026-11-28,2026,11,28,星期六,False,False,False,
2026-11-29,2026,11,29,星期日,False,False,False,
2026-11-30,2026,11,30,星期一,False,True,False,
2026-12-01,2026,12,1,星期二,False,True,False,
2026-12-02,2026,12,2,星期三,False,True,False,
2026-12-03,2026,12,3,星期四,False,True,False,
2026-12-04,2026,12,4,星期五,False,True,False,
2026-12-05,2026,12,5,星期六,False,False,False,
2026-12-06,2026,12,6,星期日,False,False,False,
2026-12-07,2026,12,7,星期一,False,True,False,
2026-12-08,2026,12,8,星期二,False,True,False,
2026-12-09,2026,12,9,星期三,False,True,False,
2026-12-10,2026,12,10,星期四,False,True,False,
2026-12-11,2026,12,11,星期五,False,True,False,
2026-12-12,2026,12,12,星期六,False,False,False,
2026-12-13,2026,12,13,星期日,False,False,False,
2026-12-14,2026,12,14,星期一,False,True,False,
2026-12-15,2026,12,15,星期二,False,True,False,
2026-12-16,2026,12,16,星期三,False,True,False,
2026-12-17,2026,12,17,星期四,False,True,False,
2026-12-18,2026,12,18,星期五,False,True,False,
2026-12-19,2026,12,19,星期六,False,False,False,
2026-12-20,2026,12,20,星期日,False,False,False,
2026-12-21,2026,12,21,星期一,False,True,False,
2026-12-22,2026,12,22,星期二,False,True,False,
2026-12-23,2026,12,23,星期三,False,True,False,
2026-12-24,2026,12,24,星期四,False,True,False,
2026-12-25,2026,12,25,星期五,False,True,False,
2026-12-26,2026,12,26,星期六,False,False,False,
2026-12-27,2026,12,27,星期日,False,False,False,
2026-12-28,2026,12,28,星期一,False,True,False,
2026-12-29,2026,12,29,星期二,False,True,False,
2026-12-30,2026,12,30,星期三,False,True,False,
